page,old_url,future_path,alt
diensten,https://www.daklekkagesopgelost.nl/hs-fs/hubfs/dakgoot%20plaatsen.jpg?width=254&height=143&name=dakgoot%20plaatsen.jpg,assets/img/pages/diensten/diensten-01-medewerker-daklekkages-opgelost.webp,Medewerker daklekkages opgelost
diensten-dakgoot,https://www.daklekkagesopgelost.nl/hs-fs/hubfs/dakgoot%20vervangen.jpg?width=360&height=218&name=dakgoot%20vervangen.jpg,assets/img/pages/diensten-dakgoot/diensten-dakgoot-01-medewerker-daklekkages-opgelost.webp,Medewerker daklekkages opgelost
diensten-dakkapel,https://www.daklekkagesopgelost.nl/hs-fs/hubfs/Dakkapel%20renoveren%20diensten%20dakkapel%20renovatie.jpg?width=360&height=168&name=Dakkapel%20renoveren%20diensten%20dakkapel%20renovatie.jpg,assets/img/pages/diensten-dakkapel/diensten-dakkapel-01-medewerker-daklekkages-opgelost.webp,Medewerker daklekkages opgelost
diensten-dakraam,https://www.daklekkagesopgelost.nl/hs-fs/hubfs/Dakraam%20vervangen.jpg?width=360&height=166&name=Dakraam%20vervangen.jpg,assets/img/pages/diensten-dakraam/diensten-dakraam-01-medewerker-daklekkages-opgelost.webp,Medewerker daklekkages opgelost
diensten-loodafwerkingen,https://www.daklekkagesopgelost.nl/hs-fs/hubfs/Daklood%20in%20slechte%20staat%20diensten%20daklood%20vervangen.jpg?width=254&height=117&name=Daklood%20in%20slechte%20staat%20diensten%20daklood%20vervangen.jpg,assets/img/pages/diensten-loodafwerkingen/diensten-loodafwerkingen-01-medewerker-daklekkages-opgelost.webp,Medewerker daklekkages opgelost
diensten-plat-dak,https://www.daklekkagesopgelost.nl/hs-fs/hubfs/Daklood%20in%20slechte%20staat%20diensten%20daklood%20vervangen.jpg?width=254&height=117&name=Daklood%20in%20slechte%20staat%20diensten%20daklood%20vervangen.jpg,assets/img/pages/diensten-plat-dak/diensten-plat-dak-01-medewerker-daklekkages-opgelost.webp,Medewerker daklekkages opgelost
diensten-schoorsteen,https://www.daklekkagesopgelost.nl/hs-fs/hubfs/Repareren%20metselwerk%20diensten%20repareren%20metselwerk.png?width=254&height=145&name=Repareren%20metselwerk%20diensten%20repareren%20metselwerk.png,assets/img/pages/diensten-schoorsteen/diensten-schoorsteen-01-medewerker-daklekkages-opgelost.webp,Medewerker daklekkages opgelost
diensten-schuin-dak,https://www.daklekkagesopgelost.nl/hs-fs/hubfs/Dak%20isoleren%20PIR%20diensten%20dak%20isoleren.jpg?width=254&height=143&name=Dak%20isoleren%20PIR%20diensten%20dak%20isoleren.jpg,assets/img/pages/diensten-schuin-dak/diensten-schuin-dak-01-medewerker-daklekkages-opgelost.webp,Medewerker daklekkages opgelost
uitgevoerde-projecten,https://www.daklekkagesopgelost.nl/hubfs/761d9f96-f5e0-459d-86cd-9480f74e63c1.png,assets/img/pages/uitgevoerde-projecten/uitgevoerde-projecten-01-medewerker-daklekkages-opgelost.webp,Medewerker daklekkages opgelost
